id,type,mfg,UPC,part,name,category,price,weight,image
0,Dummy,Dummy,0,0,Select Item or Scan,None,0,0,./images/searchbarcode.png
TOPL1325.7199762,Accent Chairs,Topline Furniture,782359204871,50927,Isadora Side Chair,Upholstery,$291.95 ,52,http://img.wfrcdn.com/lf/43/hash/18598/13319954/1/18598-13319954.jpg
QPV8085.7833913,Accent Chairs,UMA Enterprises,782359204872,50826,Millicent Teak & Leather Arm Chair,Upholstery,$335.95 ,29,http://img.wfrcdn.com/lf/43/hash/18598/14639850/1/18598-14639850.jpg
KARL1959.8421984,Accent Chairs,Karma Living,782359204873,SYPC100_382,Neema Peacock Accent Chair,Upholstery,$637.95 ,39,http://img.wfrcdn.com/lf/43/hash/18598/16206651/1/18598-16206651.jpg
FOXH1506.8106661,Accent Chairs,Fox Hill Trading,782359204874,AF 152 Mraffia,Arianna Accent Chair,Upholstery,$184.95 ,36,http://img.wfrcdn.com/lf/43/hash/18598/15337641/1/18598-15337641.jpg
TOPL1413.7354806,Accent Chairs,Topline Furniture,782359204875,49E546CF293A,Adriana Side Chair,Upholstery,$211.95 ,30,http://img.wfrcdn.com/lf/43/hash/18598/16104470/1/18598-16104470.jpg
TOPL1347.7291871,Accent Chairs,Hillsdale Furniture,782359185187,492555S2PC,Nikolai Side Chair,Upholstery,$183.95 ,20,http://img.wfrcdn.com/lf/43/hash/215/13551095/1/215-13551095.jpg
EIXS1118.5287088,Accent Pillows,Surya,764262487145,BB041-2222D,Decorative Polyester Throw Pillow,Bedding,$55.95 ,2,http://img.wfrcdn.com/lf/43/hash/331/15390188/1/331-15390188.jpg
NDY13994.7200301,Accent Pillows,DENY Designs,764262487146,16103-1thp16,Garima Dhawan Throw Pillow,Bedding,$42.99 ,1,http://img.wfrcdn.com/lf/43/hash/18598/13154680/1/18598-13154680.jpg
WTSN2373.6773113,Accent Pillows,TheWatsonShop,764262487147,SBBEISQUMONOBLK,Personalized Letter Pillow,Bedding,$47.95 ,1,http://img.wfrcdn.com/lf/43/hash/18598/12238801/1/18598-12238801.jpg
NDY13593.7245130,Accent Pillows,DENY Designs,764262487148,16753-1thp16,Penelope Pillow,Bedding,$23.95 ,1,http://img.wfrcdn.com/lf/43/hash/18598/12588504/1/18598-12588504.jpg
DQT2183.8278940,Accent Pillows,DR International,764262487149,NID00 12 1704,Nina Embroidered Pillow,Bedding,$14.95 ,1,http://img.wfrcdn.com/lf/43/hash/18598/15872419/1/18598-15872419.jpg
WLI2022.4819183,Accent Pillows,Woodland Imports,764262487150,54132,Paris Postcard Theme Linen Throw Pillow,Bedding,$35.99 ,1,http://img.wfrcdn.com/lf/43/hash/18816/6944436/1/18816-6944436.jpg
WQH1602.7817164,Accent Pillows,Primitives by Kathy INc.,883504217576,21757,Amore Pillow,Bedding,$23.95 ,2,http://img.wfrcdn.com/lf/43/hash/18598/14698981/1/18598-14698981.jpg
XEN1395.4971389,Accent Pillows,Taylor Linens,883504217577,21767,Nantucket Lumbar Pillow,Bedding,$19.95 ,1,http://img.wfrcdn.com/lf/43/hash/17816/6729563/1/17816-6729563.jpg
WZA2288.6498194,Accent Pillows,A&B Home Group Inc,883504217578,31376-WHIT,Ophelia Pillow,Bedding,$19.95 ,1,http://img.wfrcdn.com/lf/43/hash/13844/13567173/1/13844-13567173.jpg
WQH1797.8311367,Accent Pillows,Primitives by Kathy INc.,883504216500,21650,The Sun & The Sand Pillow,Bedding,$14.95 ,1,http://img.wfrcdn.com/lf/43/hash/18598/15924143/1/18598-15924143.jpg
WQH1461.7290849,Accent Pillows,Primitives by Kathy INc.,883504200127,20012,Crowned Skull Pillow,Bedding,$13.95 ,4,http://img.wfrcdn.com/lf/43/hash/18598/13628166/1/18598-13628166.jpg
WLI2167.5184649,Accent Stools,Woodland Imports,883504200128,56084,Barrel Stool,Accent,$78.99 ,7,http://img.wfrcdn.com/lf/43/hash/18816/12205743/1/18816-12205743.jpg
WBE1086.3051778,Accessories & Attachments,Weber,779240750180,6501,Adapter Hose for Gas Go-Anywhere Grills and Q,Heating & Cooling,$24.99 ,0,http://img.wfrcdn.com/lf/43/hash/17331/5332422/1/17331-5332422.jpg
XDE1617.4642656,Area Rugs,Cachet Decor,77924075019,LS92066A,2 Piece Moby Nesting Coffee Table Set,Rugs,$165.95 ,44,http://img.wfrcdn.com/lf/43/hash/11374/7004857/1/11374-7004857.jpg
BYB1736.8278988,Bar & Wine Tools,Bey-Berk,77924075020,fs109l,Gloria Stainless Steel Flask,Housewares,$25.95 ,1,http://img.wfrcdn.com/lf/43/hash/18598/15743382/1/18598-15743382.jpg
GN1976.6227072,Bar Stools,Calligaris,77924075021,CS/1445-LH_P201_D04,Bess 25.6 Stool,Furniture - Kitchen and Dining,$692.33 ,11,http://img.wfrcdn.com/lf/43/hash/518/8739951/1/518-8739951.jpg
HF6384.5174263,Bar Stools,Hillsdale Furniture,796995996793,5075-830,Dartford Swivel Bar Stool,Furniture - Kitchen and Dining,$199.38 ,37,http://img.wfrcdn.com/lf/43/hash/215/7697198/1/215-7697198.jpg
GRN1142.4744468,Bar Stools,Greenington,852659195039,GRN-123,Exotic Salix 26 Counter Stool,Furniture - Kitchen and Dining,$263.00 ,35,http://img.wfrcdn.com/lf/43/hash/2789/9750133/1/2789-9750133.jpg
SNPN2881.8283205,Bar Stools,Sunpan Modern,698043242626,24262,Porto 40 Bar Stool,Furniture - Kitchen and Dining,$358.99 ,35,http://img.wfrcdn.com/lf/43/hash/21126/13433889/1/21126-13433889.jpg
HOC1213.2689806,Bar Stools,sohoConcept,698043242627,DC1041-17,Pera Piston Adjustable Height Bar Stool,Furniture - Kitchen and Dining,$383.78 ,45,http://img.wfrcdn.com/lf/43/hash/10892/7285071/1/10892-7285071.jpg
AHB1611.4660120,Bar Stools,American Heritage,845634007052,129883WH,Alden Bar Stool,Furniture - Kitchen and Dining,$59.99 ,25,
XS3413.6584878,Bed Frames And Accessories,Serta,810869011051,SER-4059BG,7.5 Stabl-Base Ultimate Glides Bed Frame,Furniture - Bedroom,$100.95 ,15,http://img.wfrcdn.com/lf/43/hash/459/11275336/1/459-11275336.jpg
XS3413.6582748,Bed Frames And Accessories,Serta,810869011037,SER-4034BG,7.5 Stabl-Base Ultimate Glides Bed Frame,Furniture - Bedroom,$76.61 ,30,http://img.wfrcdn.com/lf/43/hash/459/11275324/1/459-11275324.jpg
XEN1642.5722196,Bed Skirts,Taylor Linens,810869011038,2008CELIS-K,Elisa Bed Skirt,Bedding,$160.95 ,3,http://img.wfrcdn.com/lf/43/hash/18598/9367177/1/18598-9367177.jpg
GHF1312.2603930,Bed Skirts,Greenland Home Fashions,810869011039,GL-1107FBST,Cotton Voile Bed Skirt 15 Drop,Bedding,$40.95 ,2,http://img.wfrcdn.com/lf/43/hash/4532/4467508/1/4532-4467508.jpg
XRG1591.7270499,Bedding Accessories,Peking Handicraft INC.,810869011040,80PHC55113C1501,Monroe Standard Sham,Bedding,$14.95 ,4,http://img.wfrcdn.com/lf/43/hash/18598/14288348/1/18598-14288348.jpg
XRT1290.6346961,Bedding Sets,City Scene,883893194366,184630,Not Neutral Poppy Cotton Duvet Cover Set,Bedding,$79.99 ,4,http://img.wfrcdn.com/lf/43/hash/6632/10310234/1/6632-10310234.jpg
ZSG2284.7283205,Bedding Sets,Susquehanna Glass,883893194367,JMSTK-9542-1251-2,Naughty Nice Set 2,Bedding,$16.49 ,2,
XHX2005.7558847,Beds,Hokku Designs,840628119582,IDF-7292Q,Verzaci Platform Bed,Furniture - Bedroom,$486.99 ,84,
FV57397.8207416,Benches,Safavieh,840628119583,MCR1014A,Cassie Tufted Bench,Accent,$129.95 ,17,http://img.wfrcdn.com/lf/43/hash/18598/15592184/1/18598-15592184.jpg
BMBB2006.7311864,Benches,Bombay Heritage,840628119584,BBFU0981,Leslie Upholstered Bench,Accent,$190.95 ,24,http://img.wfrcdn.com/lf/43/hash/18598/13683266/1/18598-13683266.jpg
WWZ1078.1651816,Blankets And Throws,Woven Workz,875740005697,WWZ-875,Gail Polyester Throw,Bedding,$48.99 ,2,http://img.wfrcdn.com/lf/43/hash/6782/4915851/1/6782-4915851.jpg
XRM2349.7318769,Blankets And Throws,Karma Living,875740005698,JLTH1578,Webley Throw,Bedding,$31.95 ,1,http://img.wfrcdn.com/lf/43/hash/18598/13788208/1/18598-13788208.jpg
NMI1001.4408032,Blinds and Shades,Wildon Home ®,875740005699,79347808140,Faux Wood Venetian Blind,Bedding,$61.47 ,16,http://img.wfrcdn.com/lf/43/hash/1261/16699621/1/1261-16699621.jpg
XRM1170.3785524,Blinds and Shades,Karma Living,712918323163,ABCUF09 IV_OR,Pompom Curtain Panel,Bedding,$29.95 ,2,http://img.wfrcdn.com/lf/43/hash/16714/5775994/1/16714-5775994.jpg
NMI1004.4407619,Blinds and Shades,Wildon Home ®,712918323164,79347808382,Faux Wood Venetian Blind,Bedding,$59.87 ,10,http://img.wfrcdn.com/lf/43/hash/1261/16699621/1/1261-16699621.jpg
WZA2707.7109862,Bookends,A&B Home Group Inc,712918323165,69345,Proud Peacock Bookend,Accent,$41.95 ,4,http://img.wfrcdn.com/lf/43/hash/18598/12932905/1/18598-12932905.jpg
WZA3990.7944681,Bookends,A&B Home Group Inc,712918323166,69245,Red Horse Bookend,Accent,$32.95 ,5,http://img.wfrcdn.com/lf/43/hash/18598/15013983/1/18598-15013983.jpg
BMZ1905.8298835,Books,Random House,9780847842681,9780000000000,The Gardener of Versailles Alain Baraton,Office Supplies,$19.95 ,1,http://img.wfrcdn.com/lf/43/hash/18598/15897594/1/18598-15897594.jpg
LBTY1100.4939204,Cabinet and Drawer Pulls,Liberty Hardware,885785300060,39613SN,Individuals 1.71 Cup Pull,Plumbing,$21.99 ,1,http://img.wfrcdn.com/lf/43/hash/22001/7506874/1/22001-7506874.jpg
WXU1488.7426780,Candle Holders,Shiraleah,885785300061,08-89-005,Hoot 8 Wide Candle Lantern,Accent,$58.95 ,6,http://img.wfrcdn.com/lf/43/hash/18598/14130154/1/18598-14130154.jpg
QPV6440.7091618,Candle Holders,UMA Enterprises,758647238811,23881,3-Piece Catherine Candleholder Set,Accent,$58.95 ,10,http://img.wfrcdn.com/lf/43/hash/18598/15451462/1/18598-15451462.jpg
WLI5941.5606185,Candle Holders,Woodland Imports,758647238812,68795,Milan Victorian Candle Holder,Accent,$53.95 ,8,http://img.wfrcdn.com/lf/43/hash/18598/9039053/1/18598-9039053.jpg
WZA3439.7370352,Candle Holders,A&B Home Group Inc,758647238813,35876,3-Piece Lorna Candle Lantern Set,Accent,$39.95 ,6,http://img.wfrcdn.com/lf/43/hash/18598/13965736/1/18598-13965736.jpg
IMX9347.5735695,Canisters & Jars,IMAX,784185252200,25220,Kendall Teal Canister,Housewares,$37.99 ,6,http://img.wfrcdn.com/lf/43/hash/5994/9172872/1/5994-9172872.jpg
PG6866.873360,Ceiling Fan Light Kits,Progress Lighting,785247149605,P2643-09,AirPro Four Light Universal Ceiling Fan Light Kit,Lighting,$48.33 ,6,http://img.wfrcdn.com/lf/43/hash/418/1886414/1/418-1886414.jpg
KW3034.1132872,Ceiling Fans,Fanimation,840506053946,FP8003OB,52 Benito 5 Blade Ceiling Fan with Remote,Lighting,$314.95 ,26,http://img.wfrcdn.com/lf/43/hash/604/2329056/1/604-2329056.jpg
XAF3058.8196351,Chandeliers,AF Lighting,840506053947,8680-4H,Vera Mini Chandelier in White,Lighting,$72.95 ,8,http://img.wfrcdn.com/lf/43/hash/18598/14834941/1/18598-14834941.jpg
WZA2757.7218801,Chandeliers,A&B Home Group Inc,840506053948,WZA-990,Monroe Chandelier,Lighting,$66.95 ,10,http://img.wfrcdn.com/lf/43/hash/13844/13566906/1/13844-13566906.jpg
WZA2582.6947702,Clocks,A&B Home Group Inc,840506053949,35009,Wanda Table Clock,Accent,$21.95 ,2,http://img.wfrcdn.com/lf/43/hash/13844/13566765/1/13844-13566765.jpg
WLI14156.7088710,Coat Racks and Hooks,Woodland Imports,837303181309,18130,Jessa Wall Rack,Accent,$32.95 ,2,http://img.wfrcdn.com/lf/43/hash/18598/12776478/1/18598-12776478.jpg
KMDS1009.7079402,Coffee & Cocktail Tables,Kingstown Home,782359217642,KMD-794,Azteca Coffee Table,Entertainment Furniture,$194.95 ,60,http://img.wfrcdn.com/lf/43/hash/29633/12054336/1/29633-12054336.jpg
WVA1029.7560265,Covers & Carry Bags,Weber,77924032813,7152,Performer Prem/Deluxe Cover,Heating & Cooling,$49.99 ,2,
WBE1095.3051787,Covers & Carry Bags,Weber,77924075148,6552,Q Premium Vinyl Cover,Heating & Cooling,$19.99 ,2,http://img.wfrcdn.com/lf/43/hash/17331/5437055/1/17331-5437055.jpg
KON1185.1266560,Cups & Mugs,Konitz,4028145009579,1750040001,Coffee Bar 6 oz. Cappuccino Cup and Saucer,Housewares,$25.99 ,4,http://img.wfrcdn.com/lf/43/hash/1722/12382388/1/1722-12382388.jpg
XCE1051.3208019,Curtain Hardware & Accessories,Menagerie,674199010197,WP205-BB,Bamboo Curtain Single Rod,Bedding,$84.95 ,3,http://img.wfrcdn.com/lf/43/hash/17261/6805985/1/17261-6805985.jpg
LSTY1007.7338220,Curtains & Drapes,Loft Style,76389963786,1Q49800ACT,Single Curtain Panel,Bedding,$38.62 ,2,http://img.wfrcdn.com/lf/43/hash/22718/12357014/1/22718-12357014.jpg
CHY5854.8129809,Curtains & Drapes,Chooty & Co,76389963787,cp1085014,Penny Curtain Panel in Off-White,Bedding,$55.95 ,3,http://img.wfrcdn.com/lf/43/hash/18598/15383966/1/18598-15383966.jpg
VQC1933.6564928,Curtains & Drapes,Victoria Classics,735732804106,INY-PNL-108I-IN-WH,Infinity Sheer Curtain Single Panel,Bedding,$21.45 ,0,http://img.wfrcdn.com/lf/43/hash/11026/16092884/1/11026-16092884.jpg
CXF1334.8291561,Curtains & Drapes,Commonwealth Home Fashions,735732804107,69556458222,Evelyn Indoor/Outdoor Curtain Panel in Blue,Bedding,$33.95 ,1,http://img.wfrcdn.com/lf/43/hash/18598/8380681/1/18598-8380681.jpg
DQT2065.8171282,Curtains & Drapes,DR International,735732804108,ARQTP=12 /3795,Arcadia Curtain Panel in Taupe,Bedding,$17.95 ,2,http://img.wfrcdn.com/lf/43/hash/18598/15477010/1/18598-15477010.jpg
VUEE1094.6066463,Curtains & Drapes,Vue by Ellery,885308241375,13212054X084SMK,Brookfield Cotton Grommet Drape Panel,Bedding,$58.39 ,1,http://img.wfrcdn.com/lf/43/hash/22420/9844603/1/22420-9844603.jpg
LBA2906.7795750,Curtains & Drapes,Laura Ashley Home,885308241376,200659,Laura Ashley Nautica Cabana Stripe Drape Panel in White/Taupe,Bedding,$37.95 ,5,http://img.wfrcdn.com/lf/43/hash/18598/14530354/1/18598-14530354.jpg
CXF1031.3233201,Curtains & Drapes,Commonwealth Home Fashions,885308241377,69556449602,Outdoor Stripe Grommet Top Single Curtain Panel,Bedding,$49.99 ,2,
WVL1120.4828470,Curtains & Drapes,Gracious Living,885308241378,Gash-Ivory-161,Gash Rod Pocket Single Drape Panel,Bedding,$89.95 ,3,http://img.wfrcdn.com/lf/43/hash/17200/7492191/1/17200-7492191.jpg
LJD3506.7877947,Curtains & Drapes,Special Edition by Lush Decor,885308241379,C08584Q13,Benson Rod Pocket Curtain Panel,Bedding,$27.95 ,1,http://img.wfrcdn.com/lf/43/hash/18598/14836573/1/18598-14836573.jpg
CHFI1007.8344566,Curtains & Drapes,CHF,76389940480,1Z46790GPC,Luxe Curtain Panel,Bedding,$24.99 ,1,http://img.wfrcdn.com/lf/43/hash/30174/13288344/1/30174-13288344.jpg
LJD1100.2973469,Curtains & Drapes,Special Edition by Lush Decor,858300010225,10225,Mia Rod Pocket Curtain Panel,Bedding,$33.26 ,2,http://img.wfrcdn.com/lf/43/hash/16071/5071430/1/16071-5071430.jpg
CXF1016.2915562,Curtains & Drapes,Commonwealth Home Fashions,69556459670,69556459670,Hologram Grommet Single Curtain Panel,Bedding,$21.55 ,1,http://img.wfrcdn.com/lf/43/hash/12128/12054978/1/12128-12054978.jpg
MIZ1261.7465512,Curtains & Drapes,Mi-Zone,675716571931,MP40-1281,Madison Park Saratoga Curtain Panel,Bedding,$21.24 ,2,http://img.wfrcdn.com/lf/43/hash/13559/13598847/1/13559-13598847.jpg
VQC2604.8105916,Curtains & Drapes,Victoria Classics,735732024863,AL9-PPR-7696-I2-BL,Alexander Curtain Panel,Bedding,$19.99 ,3,http://img.wfrcdn.com/lf/43/hash/11026/16667441/1/11026-16667441.jpg
DQT1794.6957141,Curtains & Drapes,DR International,840456023457,SAQSL12 2345,Sabra Curtain Panel,Bedding,$29.95 ,2,http://img.wfrcdn.com/lf/43/hash/13022/12028564/1/13022-12028564.jpg
QAS1033.5815504,Curtains & Drapes,Special Edition by Lush Decor,840456023458,C08423Q13,Pleated Rod Pocket Curtain Panel in Ivory,Bedding,$29.95 ,1,http://img.wfrcdn.com/lf/43/hash/16071/9527950/1/16071-9527950.jpg
WVY1001.1957738,Curtains & Drapes,Waverly,885308072825,10390050084NT,Breeze Rod Pocket Curtain Panel,Bedding,$19.47 ,2,http://img.wfrcdn.com/lf/43/hash/11510/12703739/1/11510-12703739.jpg
LJD3440.7810386,Curtains & Drapes,Special Edition by Lush Decor,848742001660,C01660Q12,Lucia Rod Pocket Curtain Panel in Ivory,Bedding,$27.95 ,2,http://img.wfrcdn.com/lf/43/hash/18598/14582566/1/18598-14582566.jpg
QAS1040.5818989,Curtains & Drapes,Evolve,848742001661,U17965Q11,Marjorie Curtain,Bedding,$27.95 ,1,http://img.wfrcdn.com/lf/43/hash/18598/9527969/1/18598-9527969.jpg
VQC3000.8319809,Curtains & Drapes,Victoria Classics,848742001662,BCT-PPR-1084-I2-SX,Bridget Blackout Curtain Panel in Silver,Bedding,$22.95 ,3,http://img.wfrcdn.com/lf/43/hash/18598/15912750/1/18598-15912750.jpg
VQC2998.8319807,Curtains & Drapes,Victoria Classics,848742001663,AM4-PPR-7684-I2-GV,Vanessa Grommet Curtain Panel in Grey,Bedding,$14.95 ,2,http://img.wfrcdn.com/lf/43/hash/18598/15912731/1/18598-15912731.jpg
CXF1003.2853525,Curtains & Drapes,Commonwealth Home Fashions,69556451728,69556451728,Cite A Heavy Solid Fabric Single Curtain Panel,Bedding,$41.99 ,2,http://img.wfrcdn.com/lf/43/hash/12128/9541560/1/12128-9541560.jpg
DQT2064.8176011,Curtains & Drapes,DR International,,ARQAM=12 /3796,Trellis Grommet Top Curtain Panel in Amber,Bedding,$19.95 ,2,http://img.wfrcdn.com/lf/43/hash/18598/15933481/1/18598-15933481.jpg
LBA2905.7795749,Curtains & Drapes,Laura Ashley Home,,200658,Laura Ashley Nautica Cabana Stripe Drape Panel in White/Cloud Grey,Bedding,$36.95 ,4,http://img.wfrcdn.com/lf/43/hash/18598/14530349/1/18598-14530349.jpg
LJD1123.3206662,Curtains & Drapes,Special Edition by Lush Decor,858300014018,14018,Prima Curtain Panel,Bedding,$32.27 ,2,http://img.wfrcdn.com/lf/43/hash/16071/5071443/1/16071-5071443.jpg
VQC1904.7776102,Curtains & Drapes,Victoria Classics,735732966132,VQC-194,Ariana Flocked Curtain Panel Pair,Bedding,$12.99 ,1,http://img.wfrcdn.com/lf/43/hash/11026/11351460/1/11026-11351460.jpg
VQC3033.8384209,Curtains & Drapes,Victoria Classics,,INY-PNL-5584-IN-OI,Infinity Curtain Panel,Bedding,$4.95 ,1,http://img.wfrcdn.com/lf/43/hash/18598/16061201/1/18598-16061201.jpg
WFH1217.824530,Cutlery Sets,Wusthof,4002293971650,9716-5,Classic Ikon 4 Piece Steak Knives Set,Housewares,$299.95 ,2,http://img.wfrcdn.com/lf/43/hash/8571/3565253/1/8571-3565253.jpg
WFH1560.6593614,Cutlery Sets,Wusthof,4002293894003,8940,Gourmet 7 Piece Jumbo Studio Beech Knife Block Set,Housewares,$159.95 ,10,http://img.wfrcdn.com/lf/43/hash/8571/16053875/1/8571-16053875.jpg
WXU1482.7426774,Decorative & Serving Bowls,Shiraleah,4002293894004,14-79-006,Rapunzel Bowl,Housewares,$40.95 ,3,http://img.wfrcdn.com/lf/43/hash/18598/14130703/1/18598-14130703.jpg
QPV6034.6934995,Decorative Boxes Bins Baskets & Buckets,UMA Enterprises,758647509850,50985,Wall-Mount Mail Sorter,Accent,$53.95 ,10,http://img.wfrcdn.com/lf/43/hash/18598/12532579/1/18598-12532579.jpg
WZA2832.7277203,Decorative Boxes Bins Baskets & Buckets,A&B Home Group Inc,758647509851,30209-YELL,Edie Book Box,Accent,$31.95 ,4,http://img.wfrcdn.com/lf/43/hash/18598/13558077/1/18598-13558077.jpg
WZA1026.2416399,Decorative Boxes Bins Baskets & Buckets,A&B Home Group Inc,758647509852,89116,Welcome Wicker Basket,Accent,$21.95 ,1,http://img.wfrcdn.com/lf/43/hash/13844/13566781/1/13844-13566781.jpg
VZN1430.6493067,Decorative Objects,Zentique,758647509853,Letter W,Letter Block Décor,Accent,$124.40 ,22,http://img.wfrcdn.com/lf/43/hash/16092/11370540/1/16092-11370540.jpg
WLI7071.6001853,Decorative Objects,Woodland Imports,837303399148,39914,3 Piece Turquoise Decorative Bottle Set,Accent,$45.99 ,5,http://img.wfrcdn.com/lf/43/hash/18816/9561844/1/18816-9561844.jpg
WLI14029.7095636,Decorative Objects,Woodland Imports,837303762416,76241,Atoll Coral Decor in Green,Accent,$39.95 ,9,http://img.wfrcdn.com/lf/43/hash/18598/12663832/1/18598-12663832.jpg
WZA3416.7370336,Decorative Objects,A&B Home Group Inc,837303762417,74993,Coral Decor,Accent,$30.95 ,3,http://img.wfrcdn.com/lf/43/hash/18598/13965729/1/18598-13965729.jpg
WLI16474.7378125,Decorative Objects,UMA Enterprises,837303762418,23831,Sierra Bottle Vase,Accent,$21.95 ,5,http://img.wfrcdn.com/lf/43/hash/16282/14007350/1/16282-14007350.jpg
WQH1635.8097557,Decorative Objects,Primitives by Kathy Inc.,883504231428,23142,Pot Of Gold Block Decor,Accent,$9.95 ,1,http://img.wfrcdn.com/lf/43/hash/18598/15280386/1/18598-15280386.jpg
WLI9628.6400167,Decorative Shelving,Woodland Imports,837303962342,96234,Alden Etagere,Accent,$90.95 ,5,http://img.wfrcdn.com/lf/43/hash/18598/10795814/1/18598-10795814.jpg
WZA2486.6764186,Decorative Shelving,A&B Home Group Inc,837303962343,69350,Anais Corbel,Accent,$18.95 ,5,http://img.wfrcdn.com/lf/43/hash/18598/12102694/1/18598-12102694.jpg
WGX1153.7275161,Decorative Trays,Be Home,837303962344,23-42,Reclaimed Wood Rectangular Serving Tray,Accent,$52.99 ,2,http://img.wfrcdn.com/lf/43/hash/13965/12356236/1/13965-12356236.jpg
FV49613.7140662,Dining Chairs,Safavieh,683726342625,SEA4005A-SET2,Fausta Side Chair,Furniture - Kitchen and Dining,$314.95 ,34,http://img.wfrcdn.com/lf/43/hash/18598/12527391/1/18598-12527391.jpg
TOPL1246.7377416,Dining Chairs,Topline Furniture,782359183640,49E555C612W3A2PC,Savannah Side Chair,Furniture - Kitchen and Dining,$263.95 ,37,http://img.wfrcdn.com/lf/43/hash/18598/12714883/1/18598-12714883.jpg
AAM1463.3193924,Dining Chairs,A-America,767630058091,TOL-RA-2-75-K,Toluca Ladderback Side Chair,Furniture - Kitchen and Dining,$144.00 ,42,http://img.wfrcdn.com/lf/43/hash/2635/9895948/1/2635-9895948.jpg
CST14442.5406420,Dining Chairs,Wildon Home ®,21032271466,103822IVY,Berkley Side Chair,Furniture - Kitchen and Dining,$104.32 ,,http://img.wfrcdn.com/lf/43/hash/1261/16679401/1/1261-16679401.jpg
WHI1976.4527379,Dining Chairs,Wholesale Interiors,847321004610,Anne Dining Chair-107/662-2,Baxton Studio Anne Side Chair,Furniture - Kitchen and Dining,$193.99 ,25,http://img.wfrcdn.com/lf/43/hash/2294/9834230/1/2294-9834230.jpg
EWFR1033.5518508,Dining Chairs,East West Furniture,847321004611,MLC-SBR-C,Milan Side Chair,Furniture - Kitchen and Dining,$66.93 ,39,
XFJ1321.5173625,Dining Linens,C & F Enterprises,847321004612,842611650,Starfish Napkin,Housewares,$7.95 ,0,http://img.wfrcdn.com/lf/43/hash/17792/16251837/1/17792-16251837.jpg
XFJ2043.8041413,Dining Linens,C & F Enterprises,847321004613,842661700,Serenity Table Runner,Housewares,$18.95 ,1,http://img.wfrcdn.com/lf/43/hash/18598/15166924/1/18598-15166924.jpg
IRD2673.8331718,Dining Tables,InRoom Designs,802319401741,D4017-04,Dining Table,Furniture - Kitchen and Dining,$104.99 ,57,http://img.wfrcdn.com/lf/43/hash/8432/15368813/1/8432-15368813.jpg
WLI7520.6744193,Dog and Cat Bowls, Woodland Imports,837303969471,96947,Pet Feeder,Pet,$26.99 ,4,http://img.wfrcdn.com/lf/43/hash/18816/14558384/1/18816-14558384.jpg
ZSG2268.7286919,Dog and Cat Bowls, Susquehanna Glass,837303969472,JM-6093-1294,Personalized Good Dog Jar,Pet,$23.95 ,4,http://img.wfrcdn.com/lf/43/hash/18598/13602374/1/18598-13602374.jpg
JHF2578.6665172,Dog and Cat Bowls, Three Hands Corporation,726674971360,97136,Elsa Pet Dish,Pet,$9.95 ,3,http://img.wfrcdn.com/lf/43/hash/16226/12552509/1/16226-12552509.jpg
QPV9316.8452175,Dog and Cat Bowls, UMA Enterprises,726674971361,96973,Bailey Pet Diner,Pet,$15.95 ,2,http://img.wfrcdn.com/lf/43/hash/18598/16238347/1/18598-16238347.jpg
BSP1356.8293362,Dog and Cat Crates/Kennels/Carriers,Bravo Sports,726674971362,157163,Quick Shade Instant Yard Kennel,Pet,$30.95 ,16,http://img.wfrcdn.com/lf/43/hash/18598/15842507/1/18598-15842507.jpg
WLI7506.6047699,Dressers & Chests,Woodland Imports,837303962397,96239,4 Drawer Chest,Furniture - Bedroom,$349.99 ,46,http://img.wfrcdn.com/lf/43/hash/18816/9562743/1/18816-9562743.jpg
WLI16468.8393709,Dressers & Chests,Woodland Imports,837303962398,96340,Ruby Nightstand,Furniture - Bedroom,$153.95 ,39,http://img.wfrcdn.com/lf/43/hash/18598/14006974/1/18598-14006974.jpg
XRM2430.8036022,Duffel Bags,Karma Living,837303962399,UBG-5675,Harmony Weekender,Luggage,$35.95 ,2,http://img.wfrcdn.com/lf/43/hash/18598/15240389/1/18598-15240389.jpg
TOPL1137.6738129,End Tables,Topline Furniture,782359174747,,Evans Side Table,Entertainment Furniture,$158.95 ,32,http://img.wfrcdn.com/lf/43/hash/18598/12001505/1/18598-12001505.jpg
XXZY4908.5380857,End Tables,Stein World,71438001686,611-021,Bridgeport End Table in Weathered Grey,Entertainment Furniture,$189.99 ,49,http://img.wfrcdn.com/lf/43/hash/294/8559413/1/294-8559413.jpg
WZA4446.8319560,End Tables,A&B Home Group Inc,71438001687,JC38461-crea,Leanne Accent Table,Entertainment Furniture,$167.95 ,25,http://img.wfrcdn.com/lf/43/hash/18598/15897435/1/18598-15897435.jpg
BREA2112.7000396,Faux Florals & Wreaths,Creative Displays Inc.,71438001688,JM329,Faux Pink & Yellow Peony,Accent,$36.95 ,2,http://img.wfrcdn.com/lf/43/hash/21097/14511978/1/21097-14511978.jpg
VZS1103.7920317,Faux Florals & Wreaths,The Magnolia Company,71438001689,DMW223-28,Magnolia & Pepperberry Wreath,Accent,$138.95 ,9,http://img.wfrcdn.com/lf/43/hash/18598/14936138/1/18598-14936138.jpg
BSPL1201.8391819,Faux Florals & Wreaths,Dried Flowers and Wreaths LLC,71438001690,DSC00877,Faux Tulip Wreath,Accent,$37.95 ,3,http://img.wfrcdn.com/lf/43/hash/18598/16443098/1/18598-16443098.jpg
WZA4068.8069296,Faux Florals & Wreaths,A&B Home Group Inc,71438001691,29092,Preserved Greenery Wreath,Accent,$25.95 ,3,http://img.wfrcdn.com/lf/43/hash/18598/15180011/1/18598-15180011.jpg
WZA4066.8069293,Faux Florals & Wreaths,A&B Home Group Inc,71438001692,29225,Preserved 8.6 Boxwood Wreath,Accent,$18.95 ,1,http://img.wfrcdn.com/lf/43/hash/18598/15180019/1/18598-15180019.jpg
QAL1877.6202779,Fixture Parts And Components,Alno Inc,785584010392,MC4573-SMK,24 x 30 Surface Mount Kit for Medicine Cabinet,Plumbing,$112.99 ,8,http://img.wfrcdn.com/lf/43/hash/8343/3697475/1/8343-3697475.jpg
HQE2066.5703659,Flatware & Kitchen Utensil Storage,Home Essentials and Beyond,785584010393,,Straw Dispenser,Housewares,$9.95 ,3,http://img.wfrcdn.com/lf/43/hash/18598/9218113/1/18598-9218113.jpg
YTW1565.4460196,Flatware Single Pieces,Yamazaki,717182313056,7.17E+11,Atria 24K Teaspoon,Housewares,$11.00 ,1,http://img.wfrcdn.com/lf/43/hash/2727/618774/1/2727-618774.jpg
FV54146.7723154,Floor Lamps,Safavieh,683726437871,LIT4336A,Antonia Floor Lamp,Lighting,$114.99 ,17,http://img.wfrcdn.com/lf/43/hash/428/13814511/1/428-13814511.jpg
FOS1052.4507532,Flush Mount Lighting,Foscarini,683726437872,168005 10 UL,Gregg Wall or Ceiling Light,Lighting,$651.00 ,10,http://img.wfrcdn.com/lf/43/hash/1860/408088/1/1860-408088.jpg
WZA4056.8041409,Food Storage & Dispensers,A&B Home Group Inc,683726437873,68077,Abeille Canister,Housewares,$15.95 ,2,http://img.wfrcdn.com/lf/43/hash/18598/15157052/1/18598-15157052.jpg
TMK5283.8291614,Gardening Apparel and Accessories,Trademark Global,683726437874,75-1207,7-Piece Garden Tool Set,Lawn & Garden,$15.95 ,4,http://img.wfrcdn.com/lf/43/hash/18598/9606166/1/18598-9606166.jpg
UDK1689.8422658,General Equipment,Epson America Inc.,10343886452,DS-6500 High Speed Document Scanner,Outdoor Storage & Equipment,$1,049.99 ,27,http://img.wfrcdn.com/lf/43/hash/5255/8050562/1/5255-8050562.jpg
ZSG2281.7283202,Glassware & Barware,Susquehanna Glass,10343886453,,Bowtie Double Old Fashioned Glass,Housewares,$26.95 ,4,http://img.wfrcdn.com/lf/43/hash/10734/13605713/1/10734-13605713.jpg
YCT2031.4358801,Glassware & Barware,Cathys Concepts,694546019055,1190,Old Fashioned Drinking Mason Jar,Housewares,$25.99 ,4,http://img.wfrcdn.com/lf/43/hash/6367/14522081/1/6367-14522081.jpg
ZA2042.6329381,Handbags,Latico Leathers,765566567045,,Mimi in Memphis Alejandra Wristlet,Luggage,$93.99 ,1,http://img.wfrcdn.com/lf/43/hash/627/10736074/1/627-10736074.jpg
WXU1451.7320597,Handbags,Shiraleah,765566567046,,Keira Tote,Luggage,$54.95 ,2,http://img.wfrcdn.com/lf/43/hash/18598/13805082/1/18598-13805082.jpg
WXU1417.7290912,Handbags,Shiraleah,765566567047,,Avis Hobo Bag in Forest,Luggage,$43.95 ,2,http://img.wfrcdn.com/lf/43/hash/18598/13624629/1/18598-13624629.jpg
WXU1426.7320572,Handbags,Shiraleah,765566567048,,Saratoga Crossbody Bag,Luggage,$39.95 ,2,http://img.wfrcdn.com/lf/43/hash/18598/13804850/1/18598-13804850.jpg
RXA1019.5961109,Hardwood Flooring,Robbins,765566567049,5288CH,Ascot Plank 3-1/4 Solid Oak Flooring in Chestnut,Flooring,$130.24 ,60,http://img.wfrcdn.com/lf/43/hash/3519/3163958/1/3519-3163958.jpg
SJ4443.5145396,Headboards,Standard Furniture,604421881134,88113,Essex Panel Footboard with Slats,Furniture - Bedroom,$252.20 ,46,http://img.wfrcdn.com/lf/43/hash/322/10063273/1/322-10063273.jpg
XSN1092.2863688,Headboards,dCOR design,776069402917,DQ-1401,Willow Panel Headboard,Furniture - Bedroom,$115.00 ,59,http://img.wfrcdn.com/lf/43/hash/33800/16995729/1/33800-16995729.jpg
VUQA1274.4655782,Holiday Decor Storage,Richards Homewares,49412644587,Richards Homewares - 644581000,Holiday Storage Wheels and Handles Tree Bag,Accent,$57.99 ,5,http://img.wfrcdn.com/lf/43/hash/19817/9717833/1/19817-9717833.jpg
WLI14857.7419537,Holiday Figurines & Collectibles,Woodland Imports,837303764151,76415,2 Piece Snowman with Presents Decoaration Set,Accent,$36.99 ,2,http://img.wfrcdn.com/lf/43/hash/18816/13565005/1/18816-13565005.jpg
TXG1695.2957420,Indoor Chaise Lounges,Design Toscano,846092036165,AF1587,Madame Fabric Chaise Lounge,Upholstery,$841.99 ,50,http://img.wfrcdn.com/lf/43/hash/10626/13427163/1/10626-13427163.jpg
AALU1013.8346158,Jewelry Boxes,Allure by Jay,846092036166,1280010,Glass Jewelry Box with Piping in Teal,Accent,$25.99 ,4,http://img.wfrcdn.com/lf/43/hash/18598/15835861/1/18598-15835861.jpg
XJA1175.4474118,Judaica,Jonathan Adler,810066017894,9626,Dachshund Menorah,Accent,$120.00 ,2,http://img.wfrcdn.com/lf/43/hash/9105/13613713/1/9105-13613713.jpg
KK1067.4997046,Kids Chairs,KidKraft,810066017895,167,Brighton Child's Desk Chair,Youth,$66.99 ,8,http://img.wfrcdn.com/lf/43/hash/379/6636726/1/379-6636726.jpg
OOPS2669.8377752,Kids Wall Décor ,Oopsy Daisy,846418033847,PE0034,Beautiful Ballerina Blonde Canvas Art,Youth,$123.03 ,4,http://img.wfrcdn.com/lf/43/hash/23623/16503204/1/23623-16503204.jpg
XPC1326.7931711,Lighting Shades,Philips Consumer Luminaire,846418033848,F5803,4.38 Avril Glass Cylindrical Pendant Shade,Lighting,$80.99 ,2,http://img.wfrcdn.com/lf/43/hash/8196/12711335/1/8196-12711335.jpg
WLI7436.7573188,Mantel & Tabletop Clocks,Woodland Imports,837303938927,93892,Elegant Metal Leather Strap Styled Table Clock,Accent,$41.99 ,3,http://img.wfrcdn.com/lf/43/hash/18816/9562651/1/18816-9562651.jpg
WWZ1760.7566365,Mom Apparel,Woven Workz,875740007356,127-001,Capelette in Cream,Youth,$18.95 ,1,http://img.wfrcdn.com/lf/43/hash/18598/14318908/1/18598-14318908.jpg
OWSS1024.7248135,Necklaces & Pendants,Styleworks Design Group Inc.,875740007357,WN1028GEME,Celeste Necklace,Jewelry,$37.95 ,0,http://img.wfrcdn.com/lf/43/hash/18598/13526700/1/18598-13526700.jpg
AMRS2049.7995324,Necklaces & Pendants,Amrita Singh,841136022043,NKC 2004-Multi,Bali Beach Necklace,Jewelry,$23.99 ,1,http://img.wfrcdn.com/lf/43/hash/18598/15151095/1/18598-15151095.jpg
UNI2453.2626724,Nightstands,Universal Furniture,841136022044,988350,Summer Hill 3 Drawer Nightstand,Furniture - Bedroom,$730.00 ,103,http://img.wfrcdn.com/lf/43/hash/1054/3782559/1/1054-3782559.jpg
QPV7269.7380007,Nightstands,UMA Enterprises,841136022045,61447,Beverly Nightstand,Furniture - Bedroom,$170.95 ,34,http://img.wfrcdn.com/lf/43/hash/18598/13796254/1/18598-13796254.jpg
HODE1019.5378951,Office Chairs,Hodedah,812183017870,HI-5006,Mesh Low-Back Task Chair,Office,$72.99 ,18,http://img.wfrcdn.com/lf/43/hash/23417/16017085/1/23417-16017085.jpg
ZSS1046.1200652,Orthopedic Aids,Scott Specialties,812183017871,SA1500LG,Discreet Hernia Belt,HME,$39.99 ,1,http://img.wfrcdn.com/lf/43/hash/7960/2940283/1/7960-2940283.jpg
RXU1371.8133684,Ottomans,Orient Express Furniture,812183017872,7130.BRLP,Remy Ottoman,Upholstery,$167.95 ,23,http://img.wfrcdn.com/lf/43/hash/18598/15358612/1/18598-15358612.jpg
WZA4174.8160107,Ottomans,A&B Home Group Inc,812183017873,36923,Quinn Upholstered Ottoman,Upholstery,$164.95 ,34,http://img.wfrcdn.com/lf/43/hash/18598/15425356/1/18598-15425356.jpg
ANDO1233.8295778,Ottomans,Andover Mills,812183017874,OT-PH-3-GAB-SK,Gabrielle Phoenix Cocktail Ottoman,Upholstery,$109.99 ,38,http://img.wfrcdn.com/lf/43/hash/30808/15891328/1/30808-15891328.jpg
CHY6153.8379215,Ottomans,Chooty & Co,812183017875,bp13s3066,Findlay Pouf,Upholstery,$37.95 ,2,http://img.wfrcdn.com/lf/43/hash/18598/16058471/1/18598-16058471.jpg
LCP1144.868773,Outdoor Flush Mounts & Wall Lights,Luceplan,812183017876,1D2017P10502,Metropoli D20/17 Exterior Ceiling/Wall Light,Lighting,$215.73 ,2,http://img.wfrcdn.com/lf/43/hash/1264/472149/1/1264-472149.jpg
XRM1364.4279182,Patio Furniture Cushions,Karma Living,712918338662,ABC16_TQ,Nashik Pillow in Turquoise,Outdoor,$29.95 ,2,http://img.wfrcdn.com/lf/43/hash/16714/6512591/1/16714-6512591.jpg
PRLF1347.8455512,Pendant Lights,Aidan Gray,712918338663,L263 CHAN,Brittany Pendant,Lighting,$412.95 ,23,http://img.wfrcdn.com/lf/43/hash/18598/16231311/1/18598-16231311.jpg
CPG3956.8146413,Pendant Lights,Capital Lighting,712918338664,9A145A,Mona Pendant,Lighting,$238.40 ,14,http://img.wfrcdn.com/lf/43/hash/18598/15406068/1/18598-15406068.jpg
WAC5575.1722279,Pendant Lights,WAC Lighting,790576195131,QP335-CL/BN,Crystal Roxy Quick Connect Pendant,Lighting,$182.00 ,3,http://img.wfrcdn.com/lf/43/hash/850/3680873/1/850-3680873.jpg
CPG4009.8216585,Pendant Lights,Capital Lighting,790576195132,9A172A,Whitney Mini Pendant,Lighting,$104.95 ,5,http://img.wfrcdn.com/lf/43/hash/18598/16756841/1/18598-16756841.jpg
XAF3266.8376561,Pendant Lights,AF Lighting,790576195133,8917-1P,Tory Pendant,Lighting,$80.95 ,6,http://img.wfrcdn.com/lf/43/hash/18598/16052635/1/18598-16052635.jpg
BZV1294.4207980,Pendant Lights,Barreveld International,790576195134,99022,Frost Ruffle Pendant,Lighting,$12.95 ,2,http://img.wfrcdn.com/lf/43/hash/10986/6303126/1/10986-6303126.jpg
WZA3545.7460212,Picture Frames,A&B Home Group Inc,790576195135,73804,Evette Picture Frame,Accent,$18.95 ,3,http://img.wfrcdn.com/lf/43/hash/18598/14142705/1/18598-14142705.jpg
BTBL1052.5151626,Placemats,C & F Enterprises,8246448983,862601662,Gretchen Placemat,Housewares,$7.95 ,0,http://img.wfrcdn.com/lf/43/hash/18598/10322393/1/18598-10322393.jpg
FWJ1009.4591271,Planters,Amedeo Design,8246448984,,ResinStone Bell Jar Planter,Lawn & Garden,$244.99 ,33,http://img.wfrcdn.com/lf/43/hash/19443/6225045/1/19443-6225045.jpg
WAC5740.7378598,Recessed Lighting,WAC Lighting,8246448985,HR-3LED-T418N-W-WT,LED Downlight Adjustable Round 3 Recessed Trim,Lighting,$180.00 ,2,http://img.wfrcdn.com/lf/43/hash/850/5615084/1/850-5615084.jpg
VUQA1211.4785878,Shoe Storage,Richards Homewares,49412659260,Richards Homewares - 65926,Gearbox StorageCaddy 26 Pocket Over the Door Organizer,Accent,$49.99 ,4,http://img.wfrcdn.com/lf/43/hash/19817/6300139/1/19817-6300139.jpg
EZF3858.1260227,Slipcovers,Easy Fit,49412659261,29-710-13,Stretch Pique Dining Chair Slipcover I,Upholstery,$29.00 ,2,http://img.wfrcdn.com/lf/43/hash/1304/3559947/1/1304-3559947.jpg
DP1313.911800,Space Heaters,Dimplex,781052024632,RFI820D31W,Commercial 6 824/5 118 BTU Fan Forced Wall Space Heater,Heating & Cooling,$264.95 ,25,http://img.wfrcdn.com/lf/43/hash/458/2014161/1/458-2014161.jpg
SF1520.1710117,Specialty Filing,Safco Products Company,73555500103,50016,Safco Sheet File Hanging Clamps,Office,$184.99 ,1,http://img.wfrcdn.com/lf/43/hash/142/12589814/1/142-12589814.jpg
BMR3785.8120143,Table Lamps,Bassett Mirror,73555500104,L25800T,Sheehan Table Lamp,Lighting,$209.95 ,22,http://img.wfrcdn.com/lf/43/hash/18598/15317928/1/18598-15317928.jpg
PCL2592.5290387,Table Lamps,Pacific Coast Lighting,736101548461,98-251-37,Vanessa Table Lamp,Lighting,$101.00 ,9,http://img.wfrcdn.com/lf/43/hash/18598/8320930/1/18598-8320930.jpg
XRL3056.8369270,Table Lamps,Creative Co-Op,736101548462,DA4540,Noelle Table Lamp,Lighting,$84.24 ,3,http://img.wfrcdn.com/lf/43/hash/18598/16087936/1/18598-16087936.jpg
WED2600.8403381,Tea Kettles & Teapots,Wedgwood,91574080703,91574080703,White Leigh Teapot,Housewares,$125.99 ,2,http://img.wfrcdn.com/lf/43/hash/2242/9194091/1/2242-9194091.jpg
WAC5269.2821958,Track Lighting,WAC Lighting,790576169545,QPLED315-BK/BN,Industrial LEDme Quick Connect Pendant,Lighting,$198.00 ,2,http://img.wfrcdn.com/lf/43/hash/850/2685308/1/850-2685308.jpg
WAC4920.3271437,Track Lighting,WAC Lighting,790576152868,WAC-123,European 1 Light Frost Flexrail1 Pendant,Lighting,$166.50 ,6,http://img.wfrcdn.com/lf/43/hash/850/5393585/1/850-5393585.jpg
WAC5949.3792287,Track Lighting,WAC Lighting,790576206943,WAC-456,Contemporary Low Voltage Quick Connect Pendant Kit,Lighting,$36.00 ,2,
TNP1053.1859390,Trampoline Accessories & Parts,Upper Bounce,797734798906,UBNET-15-8-IS,15' Round Trampoline Net Using 8 Poles or 4 Arches,Recreation,$74.24 ,6,http://img.wfrcdn.com/lf/43/hash/11464/4177796/1/11464-4177796.jpg
JKG1076.832983,Trampoline Accessories & Parts,Jumpking,839539007460,HWEPCAP-15/14,Combo Pole Cap Enclosure for Trampoline,Recreation,$9.89 ,1,http://img.wfrcdn.com/lf/43/hash/1682/5699954/1/1682-5699954.jpg
JKG1076.917217,Trampoline Accessories & Parts,Jumpking,839539007453,HWEPCAP-12,Combo Pole Cap Enclosure for Trampoline,Recreation,$9.46 ,1,http://img.wfrcdn.com/lf/43/hash/1682/5699954/1/1682-5699954.jpg
JGR1049.5688830,Transportation Equipment,Malone Auto Racks,859557001165,,FS Rack System 3 Kayak Storage Rack,WaterCraft,$201.07 ,65,http://img.wfrcdn.com/lf/43/hash/11039/8555549/1/11039-8555549.jpg
XRM2292.6761800,Travel Totes,Karma Living,712918340177,BGJL11,Laura Tote,Luggage,$37.95 ,1,http://img.wfrcdn.com/lf/43/hash/18598/12247682/1/18598-12247682.jpg
XXZY9485.7246196,Trunks,Wildon Home ®,712918340178,W53003207F,Gael 30 Barstool in Brown,Accent,$151.99 ,14,http://img.wfrcdn.com/lf/43/hash/1261/9597482/1/1261-9597482.jpg
XQY1011.2565915,TV Mounts,Cheetah Mounts,3880000160303,APSAMB,Articulating Arm TV Wall Mount (32 - 65 Screens),AV,$98.99 ,26,http://img.wfrcdn.com/lf/43/hash/12954/6117522/1/12954-6117522.jpg
XSN1017.755251,TV Stands and Entertainment Centers,dCOR design,776069001585,ML-1444,Amara 44 TV Stand,Entertainment Furniture,$269.00 ,106,http://img.wfrcdn.com/lf/43/hash/33800/16995270/1/33800-16995270.jpg
LJD3542.7885716,Valances/Tiers,Special Edition by Lush Decor,776069001586,C08621Q13,Ruffled Valance in Ivory,Bedding,$26.95 ,1,http://img.wfrcdn.com/lf/43/hash/18598/14907934/1/18598-14907934.jpg
ZM2176.7459600,Valances/Tiers,Croscill Home Fashions,83013155776,2A0-463O0-0645/990,Zarina Curtain Valance,Bedding,$49.99 ,1,http://img.wfrcdn.com/lf/43/hash/639/13961488/1/639-13961488.jpg
LJD3441.7810387,Valances/Tiers,Special Edition by Lush Decor,83013155777,C01677P12,Ivory Rod Pocket Valance,Bedding,$24.95 ,1,http://img.wfrcdn.com/lf/43/hash/18598/14582569/1/18598-14582569.jpg
LAI1668.655787,Valances/Tiers,Lambs & Ivy,84122280298,28029,Jake Tab Top 59.5 Curtain Valance,Bedding,$18.95 ,0,http://img.wfrcdn.com/lf/43/hash/2471/2213049/1/2471-2213049.jpg
CPG3992.8186097,Vanity Lighting,Capital Lighting,84122280299,9A169A,Lena Vanity Light in Brushed Gold,Lighting,$190.40 ,11,http://img.wfrcdn.com/lf/43/hash/18598/15506250/1/18598-15506250.jpg
JHF1951.6323226,Wall & Accent Mirrors,Three Hands Corporation,726674675688,67568,Carson Wall Mirror,Accent,$99.95 ,15,http://img.wfrcdn.com/lf/43/hash/18598/10491912/1/18598-10491912.jpg
QPV2325.4804296,Wall & Accent Mirrors,UMA Enterprises,726674675689,69224,Tinsley Wall Decor,Accent,$79.95 ,8,http://img.wfrcdn.com/lf/43/hash/16282/7443506/1/16282-7443506.jpg
WIY1039.4861418,Wall & Accent Mirrors,Second Look Mirrors,726674675690,807700,New England Walnut Framed Wall Mirror,Accent,$127.49 ,51,http://img.wfrcdn.com/lf/43/hash/16118/8937035/1/16118-8937035.jpg
QPV8945.8243568,Wall & Accent Mirrors,UMA Enterprises,726674675691,92760,Rebecca Wall Mirror,Accent,$60.95 ,13,http://img.wfrcdn.com/lf/43/hash/18598/15674026/1/18598-15674026.jpg
XRL3087.8369301,Wall & Accent Mirrors,Creative Co-Op,807472722146,DA3784,Rosa Wall Mirror,Accent,$68.40 ,5,http://img.wfrcdn.com/lf/43/hash/18598/16087907/1/18598-16087907.jpg
ALIV2684.6660190,Wall Art,Oliver Gal,807472722147,11605_45x30_CANV_XHD,Solid Kiss Canvas Print Oliver Gal,Accent,$203.95 ,11,http://img.wfrcdn.com/lf/43/hash/18598/14528924/1/18598-14528924.jpg
HOTG1601.7967234,Wall Art,HotGoldFish Corp.,807472722148,12542_36x24_CANV_XHD,Gold Diamonds Canvas Print Oliver Gal,Accent,$128.95 ,7,http://img.wfrcdn.com/lf/43/hash/18598/15132473/1/18598-15132473.jpg
HOTG1617.7967294,Wall Art,HotGoldFish Corp.,807472722149,12766_45x30_CANV_XHD,Gold And Black Beauty Canvas Print Oliver Gal,Accent,$213.95 ,15,http://img.wfrcdn.com/lf/43/hash/18598/15032993/1/18598-15032993.jpg
ALIV3503.7145026,Wall Art,Oliver Gal,807472722150,12973_45x30_CANV_XHD,Love Force Field Gold Canvas Print Oliver Gal,Accent,$200.95 ,5,http://img.wfrcdn.com/lf/43/hash/18598/12610017/1/18598-12610017.jpg
XPM1904.7545492,Wall Art,Pro Tour Memorabilia,807472722151,1-20128SET,Sea Fan Framed Giclee Print,Accent,$82.95 ,8,http://img.wfrcdn.com/lf/43/hash/9300/14261005/1/9300-14261005.jpg
ALIV2757.6651318,Wall Art,Oliver Gal,807472722152,12566_16x16_CANV_XHD,Forever And Ever Canvas Print Oliver Gal,Accent,$79.95 ,11,http://img.wfrcdn.com/lf/43/hash/18598/14260868/1/18598-14260868.jpg
XRL2673.8205575,Wall Art,Creative Co-Op,807472608914,DA1532,Happily Ever After Wall Decor,Accent,$48.00 ,4,http://img.wfrcdn.com/lf/43/hash/18598/15592360/1/18598-15592360.jpg
WZA3299.7320678,Wall Art,A&B Home Group Inc,807472608915,36908,Oiseau Wall Decor,Accent,$75.95 ,3,http://img.wfrcdn.com/lf/43/hash/13844/13566651/1/13844-13566651.jpg
WZA4537.8416183,Wall Art,A&B Home Group Inc,807472608916,84677,Coastal Framed Wall Decor,Accent,$49.95 ,13,http://img.wfrcdn.com/lf/43/hash/18598/16137530/1/18598-16137530.jpg
HQE3293.7180974,Wall Art,Home Essentials and Beyond,807472608917,72751,Eat Wall Decor,Accent,$43.95 ,7,http://img.wfrcdn.com/lf/43/hash/18598/13251804/1/18598-13251804.jpg
WANL1002.7116591,Wall Art,Walls Need Love,807472608918,WP145-8ft,ZigZag Removable Wallpaper,Accent,$43.95 ,1,http://img.wfrcdn.com/lf/43/hash/18598/12777800/1/18598-12777800.jpg
VIPI3275.8111750,Wall Art,VIP INTERNATIONAL,807472608919,MT1995,This Way Wall Decor,Accent,$21.95 ,4,http://img.wfrcdn.com/lf/43/hash/18598/15305582/1/18598-15305582.jpg
WXA1046.6963408,Wall Art,Trademark Global,807472608920,MC015-C1824GG,Abstract Dunes Wall Art,Accent,$39.95 ,4,http://img.wfrcdn.com/lf/43/hash/1869/5455784/1/1869-5455784.jpg
VYH1073.2940209,Wall Art,Stupell Industries,807472608921,kwp-774,Oversized Roosters On Fence 2 Piece Kitchen Painting Print Plaque,Accent,$31.33 ,9,http://img.wfrcdn.com/lf/43/hash/13704/4909751/1/13704-4909751.jpg
WQH1359.7084328,Wall Art,Primitives by Kathy Inc.,883504205849,20584,King Crab Wall Decor,Accent,$21.95 ,0,http://img.wfrcdn.com/lf/43/hash/18598/12865848/1/18598-12865848.jpg
WQH1575.7556412,Wall Art,Primitives by Kathy Inc.,883504228114,22811,My Sunshine Wall Decor,Accent,$20.95 ,2,http://img.wfrcdn.com/lf/43/hash/18598/14338793/1/18598-14338793.jpg
VIDT1132.6559728,Wall Art,Vintaged Variety,883504228115,7-0015-T-10,Metal Alphabet Wall Decor,Accent,$13.95 ,1,http://img.wfrcdn.com/lf/43/hash/18598/11552915/1/18598-11552915.jpg
WZA4134.8131465,Wall Décor,A&B Home Group Inc,883504228116,FD38594,La Tour Eiffel Wall Decor,Accent,$203.95 ,28,http://img.wfrcdn.com/lf/43/hash/13844/16372765/1/13844-16372765.jpg
WLI14704.7264060,Wall Décor,Woodland Imports,837303523260,52326,Wine Wall Décor in Tan & Red,Accent,$35.99 ,4,http://img.wfrcdn.com/lf/43/hash/18598/13486211/1/18598-13486211.jpg
WLI16635.7467658,Wall Décor,UMA Enterprises,758647174195,17419,Captain's Wheel Wall Decor,Accent,$33.95 ,3,http://img.wfrcdn.com/lf/43/hash/16282/14195585/1/16282-14195585.jpg
WQH1843.8347248,Wall Décor,Primitives by Kathy Inc.,883504235617,23561,Every Brunette Decor,Accent,$6.95 ,1,http://img.wfrcdn.com/lf/43/hash/18598/16022516/1/18598-16022516.jpg
MKL1039.362940,Wall Sconces,Minka Lavery,747396016856,333,Sided 1 Light Wall Sconce,Lighting,$81.80 ,4,http://img.wfrcdn.com/lf/43/hash/842/2288177/1/842-2288177.jpg
AMST3291.8202820,Wall Sconces,AM+ Studio,747396016857,10063ORB,Endicott 1 Light Wall Sconce,Lighting,$65.99 ,4,http://img.wfrcdn.com/lf/43/hash/24557/15449192/1/24557-15449192.jpg
CPG3989.8186726,Wall Sconces,Capital Lighting,747396016858,9A166A,Lena Wall Sconce in Brushed Gold,Lighting,$59.95 ,4,http://img.wfrcdn.com/lf/43/hash/18598/15506245/1/18598-15506245.jpg
GKV1294.361572,Wall Sconces,George Kovacs by Minka,870540001931,P5022-084,Flex 2 Light Wall Sconce,Lighting,$90.95 ,3,http://img.wfrcdn.com/lf/43/hash/851/6747137/1/851-6747137.jpg
WANL1019.7108200,Wall Stickers,Walls Need Love,870540001932,PW439-l,Rustic Headboard Wall Decal,Accent,$56.95 ,2,http://img.wfrcdn.com/lf/43/hash/18598/12777750/1/18598-12777750.jpg
WANL1014.7334211,Wall Stickers,Walls Need Love,870540001933,PW417,7-Piece Birch Tree Wall Decal,Accent,$52.95 ,2,http://img.wfrcdn.com/lf/43/hash/18598/12777731/1/18598-12777731.jpg
WANL1020.7106502,Wall Stickers,Walls Need Love,870540001934,PW424-s,Tufted Headboard Removable Wall Decal,Accent,$50.95 ,2,http://img.wfrcdn.com/lf/43/hash/18598/12777754/1/18598-12777754.jpg
WOQ1228.8177410,Wall Stickers,BIG BIRD LLC,870540001935,2625_black,Palms Wall Decal,Accent,$39.95 ,1,http://img.wfrcdn.com/lf/43/hash/18598/15468579/1/18598-15468579.jpg
WANL1078.7944676,Wall Stickers,Walls Need Love,870540001936,pw496,New York Wall Decal,Accent,$37.95 ,1,http://img.wfrcdn.com/lf/43/hash/18598/15016774/1/18598-15016774.jpg
WANL1012.7109773,Wall Stickers,Walls Need Love,870540001937,d60-07,Dot Wall Decal in Gold,Accent,$8.95 ,1,http://img.wfrcdn.com/lf/43/hash/18598/12777823/1/18598-12777823.jpg
WANL1076.7944674,Wall Stickers,Walls Need Love,870540001938,pw469,California Wall Decal,Accent,$27.95 ,1,http://img.wfrcdn.com/lf/43/hash/18598/15016759/1/18598-15016759.jpg
WANL1085.8016509,Wall Stickers,Walls Need Love,870540001939,e24,Dream Wall Decal,Accent,$26.95 ,1,http://img.wfrcdn.com/lf/43/hash/18598/15132569/1/18598-15132569.jpg
WANL1113.8104182,Wall Stickers,Walls Need Love,870540001940,d79-33,Cloud Wall Decal in Light Blue,Accent,$8.95 ,1,http://img.wfrcdn.com/lf/43/hash/18598/15268372/1/18598-15268372.jpg
WANL1038.7334214,Wall Stickers,Walls Need Love,870540001941,pw204,6-Piece Weathered Frame Wall Decal,Accent,$20.95 ,1,http://img.wfrcdn.com/lf/43/hash/18598/13794216/1/18598-13794216.jpg
WANL1134.8156832,Wall Stickers,Walls Need Love,870540001942,jo2,Dry-Erase Month Calendar Wall Decal in Beige,Accent,$18.95 ,1,http://img.wfrcdn.com/lf/43/hash/18598/15424617/1/18598-15424617.jpg
WANL1170.8368461,Wall Stickers,Walls Need Love,870540001943,ES-12-2,Stripe Wall Decal in Ivory,Accent,$14.95 ,2,http://img.wfrcdn.com/lf/43/hash/18598/16022450/1/18598-16022450.jpg
WANL1072.7940324,Wall Stickers,Walls Need Love,870540001944,PL27_A,Blooming Letter Wall Decal,Accent,$14.95 ,1,http://img.wfrcdn.com/lf/43/hash/18598/15000861/1/18598-15000861.jpg
WANL1011.7253276,Wall Stickers,Walls Need Love,870540001945,d60-06,Dot Wall Decal in Silver,Accent,$13.95 ,1,http://img.wfrcdn.com/lf/43/hash/18598/12777819/1/18598-12777819.jpg
WANL1083.7969246,Wall Stickers,Walls Need Love,870540001946,d81-07,Abstract Dots Wall Decal in Gold,Accent,$11.95 ,1,http://img.wfrcdn.com/lf/43/hash/18598/15038984/1/18598-15038984.jpg
WANL1071.7940323,Wallpaper,Walls Need Love,870540001947,pwwp13-8ft,Bouquet Removable Wallpaper,Accent,$45.95 ,2,http://img.wfrcdn.com/lf/43/hash/18598/15000851/1/18598-15000851.jpg
WANL1060.7874046,Wallpaper,Walls Need Love,870540001948,wp137-8,Triangles Wallpaper,Accent,$43.95 ,2,http://img.wfrcdn.com/lf/43/hash/18598/14784191/1/18598-14784191.jpg
ZSG2273.7283185,Wine And Champagne Glasses,Susquehanna Glass,870540001949,JMSTK-9542-385-4,Reindeer Stemless Wine Glass,Housewares,$60.00 ,3,http://img.wfrcdn.com/lf/43/hash/10734/13605618/1/10734-13605618.jpg
ZSG2216.7253750,Wine And Champagne Glasses,Susquehanna Glass,870540001950,JM-9542-991-4,Personalized Script Stemless Wine Glass,Housewares,$31.95 ,3,http://img.wfrcdn.com/lf/43/hash/18598/12688696/1/18598-12688696.jpg
ZSG1990.6319430,Wine And Champagne Glasses,Susquehanna Glass,870540001951,JM-9542-269-4,The Cat Is Home Wine Glass,Housewares,$29.95 ,4,http://img.wfrcdn.com/lf/43/hash/18598/13873326/1/18598-13873326.jpg
ZSG2280.7283229,Wine And Champagne Glasses,Susquehanna Glass,870540001952,JM-12,Seashore Wine Glass,Housewares,$25.99 ,3,http://img.wfrcdn.com/lf/43/hash/10734/11707446/1/10734-11707446.jpg
